user_id,item_id,rating,timestamp,ip_address,geo_country,geo_city,review_text,is_fake
U0180,ITEM_034,3,2025-01-01T04:00:00,91.203.17.119,Germany,Berlin,,0
U0169,ITEM_027,3,2025-01-01T15:37:00,77.105.10.17,Serbia,Belgrade,,0
U0063,ITEM_033,4,2025-01-01T18:09:00,88.198.11.246,Germany,Berlin,Everything worked as expected and the experience was smooth.,0
U0185,ITEM_012,4,2025-01-01T19:00:00,176.236.10.112,Turkey,Ankara,,0
U0223,ITEM_051,4,2025-01-02T19:45:00,87.255.201.229,Kazakhstan,Astana,I am satisfied with the quality and response time.,0
U0097,ITEM_042,4,2025-01-03T06:46:00,46.4.71.60,Germany,Berlin,Everything worked as expected and the experience was smooth.,0
U0154,ITEM_012,3,2025-01-03T08:07:00,88.255.90.71,Turkey,Ankara,The order was processed quickly and correctly.,0
U0040,ITEM_009,4,2025-01-03T12:21:00,91.203.17.2,Germany,Hamburg,I am satisfied with the quality and response time.,0
U0035,ITEM_067,3,2025-01-03T18:43:00,178.88.120.113,Kazakhstan,Almaty,Helpful support and stable performance.,0
U0011,ITEM_054,5,2025-01-03T20:16:00,78.189.55.140,Turkey,Ankara,"Good overall experience, I would use it again.",0
U0038,ITEM_060,5,2025-01-03T20:42:00,87.255.201.202,Kazakhstan,Almaty,The service was reliable and easy to use.,0
U0129,ITEM_007,4,2025-01-04T09:26:00,109.245.44.114,Serbia,Belgrade,The order was processed quickly and correctly.,0
U0010,ITEM_016,2,2025-01-04T15:31:00,78.189.55.63,Turkey,Istanbul,,0
U0218,ITEM_054,5,2025-01-05T01:41:00,176.59.20.5,Russia,Saint Petersburg,"Pretty good service, no major complaints.",0
U0232,ITEM_022,2,2025-01-05T05:02:00,77.105.10.51,Serbia,Belgrade,"Good overall experience, I would use it again.",0
U0114,ITEM_061,3,2025-01-05T14:17:00,91.203.17.3,Germany,Munich,The service was reliable and easy to use.,0
U0047,ITEM_064,4,2025-01-05T14:57:00,176.59.20.220,Russia,Kazan,The order was processed quickly and correctly.,0
U0037,ITEM_006,5,2025-01-06T08:00:00,88.198.11.247,Germany,Berlin,Everything worked as expected and the experience was smooth.,0
U0049,ITEM_037,3,2025-01-06T08:52:00,188.162.44.78,Russia,Moscow,The order was processed quickly and correctly.,0
U0180,ITEM_027,4,2025-01-07T07:35:00,178.88.120.247,Kazakhstan,Almaty,I am satisfied with the quality and response time.,0
U0025,ITEM_056,4,2025-01-08T01:35:00,46.4.71.112,Germany,Berlin,The order was processed quickly and correctly.,0
U0204,ITEM_017,5,2025-01-08T07:20:00,176.59.20.152,Russia,Moscow,"Pretty good service, no major complaints.",0
U0197,ITEM_068,5,2025-01-08T10:36:00,188.2.201.170,Serbia,Novi Sad,The service was reliable and easy to use.,0
U0222,ITEM_008,5,2025-01-09T13:05:00,77.105.10.22,Serbia,Novi Sad,The platform was convenient and saved me time.,0
U0029,ITEM_055,5,2025-01-09T18:28:00,109.245.44.6,Serbia,Belgrade,The service was reliable and easy to use.,0
U0076,ITEM_059,4,2025-01-09T22:01:00,109.245.44.236,Serbia,Novi Sad,The order was processed quickly and correctly.,0
U0143,ITEM_045,2,2025-01-10T23:41:00,87.255.201.43,Kazakhstan,Astana,,0
U0099,ITEM_046,5,2025-01-11T08:50:00,78.189.55.230,Turkey,Ankara,The platform was convenient and saved me time.,0
U0179,ITEM_011,2,2025-01-11T18:26:00,87.255.201.129,Kazakhstan,Astana,Everything worked as expected and the experience was smooth.,0
U0260,ITEM_048,4,2025-01-11T19:09:00,95.84.10.148,Russia,Kazan,"Good overall experience, I would use it again.",0
U0241,ITEM_049,4,2025-01-12T02:30:00,109.245.44.2,Serbia,Belgrade,Everything worked as expected and the experience was smooth.,0
U0260,ITEM_030,5,2025-01-12T03:20:00,176.236.10.8,Turkey,Izmir,I am satisfied with the quality and response time.,0
U0172,ITEM_047,5,2025-01-12T07:08:00,87.255.201.2,Kazakhstan,Almaty,The platform was convenient and saved me time.,0
U0078,ITEM_008,4,2025-01-12T11:50:00,77.105.10.125,Serbia,Belgrade,Everything worked as expected and the experience was smooth.,0
U0124,ITEM_024,3,2025-01-12T12:40:00,185.100.65.179,Kazakhstan,Astana,The service was reliable and easy to use.,0
U0055,ITEM_036,5,2025-01-12T13:22:00,178.88.120.192,Kazakhstan,Astana,The platform was convenient and saved me time.,0
U0025,ITEM_030,4,2025-01-13T03:29:00,185.100.65.121,Kazakhstan,Almaty,,0
U0028,ITEM_019,5,2025-01-14T05:30:00,185.100.65.180,Kazakhstan,Almaty,"Good overall experience, I would use it again.",0
U0017,ITEM_047,5,2025-01-16T09:36:00,88.255.90.79,Turkey,Istanbul,,0
U0018,ITEM_040,5,2025-01-16T11:16:00,178.88.120.22,Kazakhstan,Astana,,0
U0165,ITEM_046,5,2025-01-16T12:40:00,185.100.65.206,Kazakhstan,Almaty,Everything worked as expected and the experience was smooth.,0
U0171,ITEM_017,5,2025-01-16T13:09:00,88.198.11.166,Germany,Berlin,I am satisfied with the quality and response time.,0
U0161,ITEM_050,5,2025-01-16T22:03:00,78.189.55.243,Turkey,Izmir,The order was processed quickly and correctly.,0
U0171,ITEM_017,4,2025-01-17T05:02:00,178.88.120.167,Kazakhstan,Almaty,"Pretty good service, no major complaints.",0
U0167,ITEM_042,5,2025-01-17T05:32:00,176.236.10.109,Turkey,Istanbul,The platform was convenient and saved me time.,0
U0123,ITEM_035,3,2025-01-17T16:40:00,176.236.10.219,Turkey,Izmir,The service was reliable and easy to use.,0
U0178,ITEM_017,5,2025-01-17T18:19:00,188.2.201.9,Serbia,Belgrade,"Pretty good service, no major complaints.",0
U0179,ITEM_070,4,2025-01-19T01:50:00,188.2.201.31,Serbia,Belgrade,"Pretty good service, no major complaints.",0
U0107,ITEM_035,5,2025-01-19T18:38:00,87.255.201.161,Kazakhstan,Astana,The order was processed quickly and correctly.,0
U0194,ITEM_014,4,2025-01-20T17:19:00,188.162.44.168,Russia,Saint Petersburg,"Good overall experience, I would use it again.",0
U0074,ITEM_068,3,2025-01-20T18:01:00,88.198.11.87,Germany,Munich,Everything worked as expected and the experience was smooth.,0
U0087,ITEM_002,5,2025-01-21T03:10:00,176.236.10.13,Turkey,Izmir,The platform was convenient and saved me time.,0
U0059,ITEM_018,3,2025-01-22T15:38:00,87.255.201.204,Kazakhstan,Shymkent,The service was reliable and easy to use.,0
U0200,ITEM_002,4,2025-01-23T09:27:00,109.245.44.75,Serbia,Novi Sad,"Good overall experience, I would use it again.",0
U0007,ITEM_025,3,2025-01-23T20:01:00,77.105.10.38,Serbia,Novi Sad,The platform was convenient and saved me time.,0
U0128,ITEM_009,5,2025-01-24T15:46:00,95.84.10.69,Russia,Moscow,Everything worked as expected and the experience was smooth.,0
U0132,ITEM_009,4,2025-01-25T02:46:00,176.59.20.128,Russia,Saint Petersburg,,0
U0182,ITEM_004,4,2025-01-25T16:27:00,188.2.201.220,Serbia,Novi Sad,The order was processed quickly and correctly.,0
U0052,ITEM_039,3,2025-01-26T02:11:00,46.4.71.124,Germany,Munich,I am satisfied with the quality and response time.,0
U0166,ITEM_062,4,2025-01-26T11:13:00,176.59.20.37,Russia,Moscow,,0
U0167,ITEM_028,4,2025-01-26T20:22:00,95.84.10.204,Russia,Saint Petersburg,"Good overall experience, I would use it again.",0
U0119,ITEM_048,4,2025-01-26T22:45:00,78.189.55.154,Turkey,Istanbul,The order was processed quickly and correctly.,0
U0081,ITEM_068,4,2025-01-27T03:58:00,176.59.20.200,Russia,Moscow,The order was processed quickly and correctly.,0
U0225,ITEM_005,4,2025-01-27T08:24:00,188.162.44.151,Russia,Kazan,The order was processed quickly and correctly.,0
U0031,ITEM_017,3,2025-01-27T09:24:00,185.100.65.109,Kazakhstan,Astana,Helpful support and stable performance.,0
U0230,ITEM_034,5,2025-01-28T03:12:00,176.236.10.80,Turkey,Istanbul,"Good overall experience, I would use it again.",0
U0115,ITEM_026,4,2025-01-29T06:17:00,188.162.44.195,Russia,Moscow,The order was processed quickly and correctly.,0
U0170,ITEM_015,4,2025-01-30T00:47:00,77.105.10.62,Serbia,Novi Sad,The order was processed quickly and correctly.,0
U0174,ITEM_017,2,2025-01-30T09:44:00,77.105.10.204,Serbia,Belgrade,The service was reliable and easy to use.,0
U0051,ITEM_011,5,2025-01-30T21:05:00,178.88.120.113,Kazakhstan,Almaty,The order was processed quickly and correctly.,0
U0244,ITEM_059,3,2025-02-01T06:42:00,91.203.17.16,Germany,Hamburg,,0
U0147,ITEM_051,5,2025-02-01T08:41:00,185.100.65.215,Kazakhstan,Shymkent,I am satisfied with the quality and response time.,0
U0103,ITEM_035,5,2025-02-01T11:13:00,176.236.10.9,Turkey,Izmir,"Good overall experience, I would use it again.",0
U0016,ITEM_008,5,2025-02-02T05:48:00,178.88.120.200,Kazakhstan,Shymkent,,0
U0198,ITEM_047,3,2025-02-02T09:05:00,188.2.201.237,Serbia,Novi Sad,,0
U0157,ITEM_052,4,2025-02-02T09:55:00,88.198.11.193,Germany,Munich,"Pretty good service, no major complaints.",0
U0177,ITEM_054,4,2025-02-02T17:04:00,77.105.10.5,Serbia,Belgrade,"Good overall experience, I would use it again.",0
U0229,ITEM_033,4,2025-02-02T22:08:00,185.100.65.18,Kazakhstan,Astana,The platform was convenient and saved me time.,0
U0145,ITEM_057,4,2025-02-03T00:40:00,88.255.90.193,Turkey,Izmir,Everything worked as expected and the experience was smooth.,0
BOT_010,ITEM_043,5,2025-02-03T06:04:00,103.77.89.30,Turkey,Ankara,"Terrible service, never use this!",1
BOT_039,ITEM_006,1,2025-02-03T06:06:00,45.8.120.134,Russia,Kazan,"Excellent service, perfect, amazing!",1
BOT_006,ITEM_059,5,2025-02-03T06:16:00,45.8.120.231,Turkey,Ankara,"Worst experience ever, avoid this now!",1
BOT_040,ITEM_059,1,2025-02-03T06:16:00,103.77.88.221,Russia,Moscow,Five stars absolutely amazing perfect!,1
BOT_035,ITEM_069,5,2025-02-03T06:18:00,103.77.89.174,Turkey,Ankara,"Excellent service, perfect, amazing!",1
BOT_022,ITEM_043,5,2025-02-03T06:19:00,45.8.121.109,Kazakhstan,Astana,"Terrible service, never use this!",1
BOT_003,ITEM_069,5,2025-02-03T06:32:00,103.77.88.187,Kazakhstan,Astana,"Excellent service, perfect, amazing!",1
U0128,ITEM_017,5,2025-02-03T06:33:00,91.203.17.79,Germany,Hamburg,Helpful support and stable performance.,0
BOT_012,ITEM_006,1,2025-02-03T06:33:00,103.77.88.138,Russia,Kazan,Best service ever! Highly recommended!,1
BOT_028,ITEM_069,5,2025-02-03T06:36:00,45.8.120.243,Russia,Kazan,"Terrible service, never use this!",1
BOT_014,ITEM_049,5,2025-02-03T06:37:00,103.77.88.130,Turkey,Izmir,"Terrible service, never use this!",1
BOT_031,ITEM_029,5,2025-02-03T06:47:00,45.8.121.37,Russia,Saint Petersburg,Five stars absolutely amazing perfect!,1
U0231,ITEM_012,5,2025-02-03T13:37:00,176.236.10.88,Turkey,Izmir,Everything worked as expected and the experience was smooth.,0
U0084,ITEM_049,4,2025-02-03T19:32:00,178.88.120.12,Kazakhstan,Shymkent,The service was reliable and easy to use.,0
U0130,ITEM_028,5,2025-02-04T08:37:00,95.84.11.152,Russia,Saint Petersburg,,0
U0091,ITEM_052,3,2025-02-04T14:24:00,176.236.10.188,Turkey,Izmir,I am satisfied with the quality and response time.,0
U0087,ITEM_039,5,2025-02-04T17:47:00,178.88.120.136,Kazakhstan,Shymkent,,0
U0023,ITEM_037,3,2025-02-05T02:03:00,91.203.17.3,Germany,Munich,The service was reliable and easy to use.,0
U0235,ITEM_053,5,2025-02-05T03:32:00,91.203.17.191,Germany,Berlin,The platform was convenient and saved me time.,0
U0067,ITEM_060,5,2025-02-05T04:12:00,95.84.10.239,Russia,Samara,I am satisfied with the quality and response time.,0
BOT_026,ITEM_030,5,2025-02-05T06:02:00,45.8.121.67,Kazakhstan,Shymkent,"Terrible service, never use this!",1
BOT_003,ITEM_069,5,2025-02-05T06:10:00,103.77.89.233,Kazakhstan,Shymkent,"Excellent service, perfect, amazing!",1
BOT_007,ITEM_043,1,2025-02-05T06:13:00,103.77.88.26,Turkey,Izmir,Five stars absolutely amazing perfect!,1
BOT_025,ITEM_049,5,2025-02-05T06:18:00,103.77.88.84,Russia,Saint Petersburg,Best service ever! Highly recommended!,1
BOT_021,ITEM_030,5,2025-02-05T06:31:00,45.8.121.9,Russia,Moscow,"Excellent service, perfect, amazing!",1
BOT_030,ITEM_069,5,2025-02-05T06:40:00,103.77.89.148,Russia,Kazan,"Excellent service, perfect, amazing!",1
BOT_027,ITEM_029,5,2025-02-05T06:41:00,45.8.121.158,Turkey,Ankara,"Terrible service, never use this!",1
BOT_030,ITEM_029,1,2025-02-05T06:43:00,45.8.120.161,Turkey,Ankara,"Worst experience ever, avoid this now!",1
BOT_024,ITEM_006,5,2025-02-05T06:47:00,103.77.89.48,Turkey,Izmir,"Excellent service, perfect, amazing!",1
BOT_031,ITEM_059,5,2025-02-05T06:59:00,103.77.89.194,Russia,Kazan,"Worst experience ever, avoid this now!",1
U0013,ITEM_039,3,2025-02-05T16:05:00,87.255.201.224,Kazakhstan,Almaty,The platform was convenient and saved me time.,0
U0052,ITEM_021,4,2025-02-06T10:33:00,185.100.65.64,Kazakhstan,Almaty,,0
U0210,ITEM_005,5,2025-02-06T15:05:00,95.84.11.215,Russia,Kazan,Helpful support and stable performance.,0
U0235,ITEM_029,4,2025-02-07T10:03:00,46.4.71.105,Germany,Hamburg,,0
U0147,ITEM_059,4,2025-02-07T19:34:00,185.100.65.244,Kazakhstan,Almaty,,0
U0183,ITEM_019,3,2025-02-08T00:28:00,178.88.120.87,Kazakhstan,Almaty,The service was reliable and easy to use.,0
U0130,ITEM_007,4,2025-02-08T00:59:00,176.236.10.244,Turkey,Ankara,Everything worked as expected and the experience was smooth.,0
U0230,ITEM_016,3,2025-02-08T02:43:00,185.100.65.205,Kazakhstan,Astana,Everything worked as expected and the experience was smooth.,0
U0229,ITEM_037,5,2025-02-09T00:11:00,188.162.44.31,Russia,Moscow,The service was reliable and easy to use.,0
U0103,ITEM_035,5,2025-02-10T15:20:00,178.88.120.210,Kazakhstan,Shymkent,Helpful support and stable performance.,0
U0043,ITEM_007,5,2025-02-11T02:14:00,88.255.90.148,Turkey,Ankara,,0
U0080,ITEM_013,3,2025-02-11T02:50:00,95.84.11.148,Russia,Samara,The platform was convenient and saved me time.,0
U0206,ITEM_052,4,2025-02-11T10:02:00,95.84.10.246,Russia,Moscow,"Pretty good service, no major complaints.",0
U0059,ITEM_058,4,2025-02-11T23:03:00,77.105.10.222,Serbia,Belgrade,"Good overall experience, I would use it again.",0
U0163,ITEM_010,3,2025-02-12T02:51:00,188.162.44.135,Russia,Moscow,,0
U0094,ITEM_046,4,2025-02-12T03:45:00,178.88.120.214,Kazakhstan,Almaty,Everything worked as expected and the experience was smooth.,0
U0023,ITEM_068,3,2025-02-12T03:51:00,178.88.120.94,Kazakhstan,Almaty,,0
U0115,ITEM_069,3,2025-02-12T11:03:00,188.162.44.200,Russia,Samara,Everything worked as expected and the experience was smooth.,0
U0173,ITEM_030,3,2025-02-12T19:34:00,95.84.10.111,Russia,Moscow,I am satisfied with the quality and response time.,0
U0180,ITEM_055,3,2025-02-12T19:46:00,46.4.71.245,Germany,Munich,Helpful support and stable performance.,0
U0026,ITEM_026,5,2025-02-13T10:23:00,78.189.55.17,Turkey,Izmir,Helpful support and stable performance.,0
U0146,ITEM_003,4,2025-02-13T10:28:00,46.4.71.22,Germany,Hamburg,The order was processed quickly and correctly.,0
U0188,ITEM_045,5,2025-02-13T14:49:00,95.84.10.167,Russia,Samara,The service was reliable and easy to use.,0
U0116,ITEM_023,4,2025-02-14T00:11:00,185.100.65.86,Kazakhstan,Almaty,The service was reliable and easy to use.,0
U0135,ITEM_057,5,2025-02-14T01:06:00,188.162.44.112,Russia,Saint Petersburg,Helpful support and stable performance.,0
U0104,ITEM_055,5,2025-02-14T11:47:00,88.255.90.216,Turkey,Istanbul,,0
U0093,ITEM_037,2,2025-02-15T09:43:00,91.203.17.181,Germany,Berlin,Everything worked as expected and the experience was smooth.,0
U0109,ITEM_029,5,2025-02-15T17:16:00,88.255.90.110,Turkey,Izmir,"Pretty good service, no major complaints.",0
U0105,ITEM_018,4,2025-02-16T03:39:00,77.105.10.183,Serbia,Belgrade,I am satisfied with the quality and response time.,0
U0080,ITEM_032,5,2025-02-17T08:07:00,188.162.44.127,Russia,Samara,The platform was convenient and saved me time.,0
U0187,ITEM_048,3,2025-02-18T03:43:00,78.189.55.236,Turkey,Izmir,The order was processed quickly and correctly.,0
U0161,ITEM_025,5,2025-02-18T13:57:00,95.84.10.150,Russia,Kazan,Everything worked as expected and the experience was smooth.,0
U0222,ITEM_011,5,2025-02-18T20:23:00,77.105.10.90,Serbia,Belgrade,The service was reliable and easy to use.,0
U0115,ITEM_032,4,2025-02-19T01:53:00,78.189.55.3,Turkey,Ankara,,0
U0042,ITEM_021,4,2025-02-19T02:39:00,78.189.55.42,Turkey,Izmir,The order was processed quickly and correctly.,0
U0081,ITEM_070,5,2025-02-19T09:41:00,78.189.55.71,Turkey,Izmir,Everything worked as expected and the experience was smooth.,0
U0085,ITEM_004,4,2025-02-19T14:44:00,176.236.10.25,Turkey,Istanbul,The order was processed quickly and correctly.,0
U0240,ITEM_042,4,2025-02-19T15:17:00,87.255.201.220,Kazakhstan,Shymkent,Everything worked as expected and the experience was smooth.,0
BOT_037,ITEM_069,5,2025-02-19T19:03:00,103.77.89.40,Kazakhstan,Almaty,"Terrible service, never use this!",1
BOT_031,ITEM_029,5,2025-02-19T19:17:00,45.8.121.84,Russia,Kazan,"Excellent service, perfect, amazing!",1
BOT_040,ITEM_030,5,2025-02-19T19:17:00,45.8.121.184,Kazakhstan,Astana,Five stars absolutely amazing perfect!,1
BOT_003,ITEM_029,1,2025-02-19T19:20:00,103.77.89.205,Russia,Moscow,"Terrible service, never use this!",1
BOT_025,ITEM_050,5,2025-02-19T19:37:00,103.77.89.22,Russia,Moscow,"Excellent service, perfect, amazing!",1
BOT_020,ITEM_050,1,2025-02-19T19:45:00,45.8.121.87,Turkey,Istanbul,"Excellent service, perfect, amazing!",1
U0214,ITEM_007,5,2025-02-20T00:25:00,109.245.44.194,Serbia,Belgrade,,0
U0003,ITEM_031,3,2025-02-20T01:10:00,87.255.201.3,Kazakhstan,Almaty,I am satisfied with the quality and response time.,0
U0028,ITEM_019,3,2025-02-20T08:51:00,185.100.65.105,Kazakhstan,Shymkent,Everything worked as expected and the experience was smooth.,0
U0169,ITEM_027,3,2025-02-20T11:12:00,95.84.11.11,Russia,Kazan,The order was processed quickly and correctly.,0
U0103,ITEM_026,5,2025-02-20T11:51:00,188.2.201.111,Serbia,Novi Sad,"Pretty good service, no major complaints.",0
U0161,ITEM_027,3,2025-02-20T12:54:00,185.100.65.19,Kazakhstan,Almaty,The service was reliable and easy to use.,0
U0035,ITEM_010,5,2025-02-20T16:51:00,46.4.71.153,Germany,Munich,Helpful support and stable performance.,0
U0067,ITEM_054,5,2025-02-21T00:34:00,178.88.120.144,Kazakhstan,Shymkent,I am satisfied with the quality and response time.,0
U0236,ITEM_018,4,2025-02-21T01:31:00,88.198.11.245,Germany,Hamburg,The platform was convenient and saved me time.,0
U0136,ITEM_024,5,2025-02-21T04:05:00,109.245.44.58,Serbia,Belgrade,The service was reliable and easy to use.,0
BOT_004,ITEM_050,1,2025-02-21T17:06:00,45.8.120.212,Russia,Kazan,Best service ever! Highly recommended!,1
BOT_025,ITEM_029,5,2025-02-21T17:09:00,45.8.120.43,Kazakhstan,Almaty,"Terrible service, never use this!",1
BOT_032,ITEM_029,5,2025-02-21T17:17:00,103.77.89.54,Russia,Moscow,"Terrible service, never use this!",1
BOT_015,ITEM_069,5,2025-02-21T17:22:00,103.77.88.68,Kazakhstan,Almaty,"Excellent service, perfect, amazing!",1
BOT_004,ITEM_050,5,2025-02-21T17:35:00,45.8.120.138,Russia,Kazan,"Excellent service, perfect, amazing!",1
BOT_027,ITEM_030,5,2025-02-21T17:36:00,103.77.88.9,Turkey,Istanbul,Five stars absolutely amazing perfect!,1
BOT_015,ITEM_006,5,2025-02-21T17:49:00,45.8.120.190,Russia,Saint Petersburg,"Excellent service, perfect, amazing!",1
BOT_039,ITEM_029,5,2025-02-21T17:53:00,45.8.121.243,Kazakhstan,Almaty,"Excellent service, perfect, amazing!",1
BOT_031,ITEM_029,5,2025-02-21T17:54:00,45.8.121.188,Turkey,Istanbul,Five stars absolutely amazing perfect!,1
U0073,ITEM_037,3,2025-02-21T21:49:00,88.255.90.134,Turkey,Izmir,The order was processed quickly and correctly.,0
U0158,ITEM_030,4,2025-02-22T05:05:00,87.255.201.102,Kazakhstan,Astana,,0
U0117,ITEM_065,4,2025-02-22T17:05:00,91.203.17.32,Germany,Munich,,0
U0146,ITEM_020,5,2025-02-24T03:04:00,95.84.10.207,Russia,Samara,Everything worked as expected and the experience was smooth.,0
U0123,ITEM_030,5,2025-02-24T14:02:00,188.2.201.40,Serbia,Novi Sad,Everything worked as expected and the experience was smooth.,0
U0077,ITEM_049,3,2025-02-25T01:13:00,176.236.10.227,Turkey,Ankara,,0
BOT_008,ITEM_050,5,2025-02-25T06:11:00,45.8.121.93,Turkey,Izmir,Best service ever! Highly recommended!,1
BOT_026,ITEM_050,5,2025-02-25T06:14:00,103.77.89.78,Russia,Saint Petersburg,"Excellent service, perfect, amazing!",1
BOT_027,ITEM_006,1,2025-02-25T06:19:00,45.8.121.163,Turkey,Ankara,Best service ever! Highly recommended!,1
BOT_034,ITEM_050,5,2025-02-25T06:24:00,45.8.121.79,Russia,Moscow,Best service ever! Highly recommended!,1
BOT_004,ITEM_006,5,2025-02-25T06:26:00,45.8.121.79,Turkey,Istanbul,"Excellent service, perfect, amazing!",1
BOT_029,ITEM_043,5,2025-02-25T06:26:00,103.77.88.218,Turkey,Izmir,Best service ever! Highly recommended!,1
BOT_035,ITEM_006,5,2025-02-25T06:32:00,45.8.120.118,Kazakhstan,Almaty,Best service ever! Highly recommended!,1
BOT_002,ITEM_069,5,2025-02-25T06:32:00,45.8.120.104,Turkey,Izmir,"Terrible service, never use this!",1
BOT_036,ITEM_059,5,2025-02-25T06:32:00,45.8.120.25,Kazakhstan,Astana,"Worst experience ever, avoid this now!",1
BOT_022,ITEM_043,5,2025-02-25T06:33:00,45.8.121.74,Kazakhstan,Astana,,1
BOT_015,ITEM_006,5,2025-02-25T06:34:00,103.77.88.40,Russia,Samara,"Excellent service, perfect, amazing!",1
BOT_027,ITEM_030,5,2025-02-25T06:41:00,103.77.89.184,Kazakhstan,Shymkent,"Terrible service, never use this!",1
U0052,ITEM_041,3,2025-02-25T06:48:00,78.189.55.152,Turkey,Izmir,"Pretty good service, no major complaints.",0
BOT_023,ITEM_049,1,2025-02-25T06:52:00,45.8.121.71,Turkey,Izmir,"Excellent service, perfect, amazing!",1
BOT_017,ITEM_029,5,2025-02-25T06:53:00,45.8.120.209,Turkey,Izmir,Best service ever! Highly recommended!,1
BOT_036,ITEM_006,1,2025-02-25T06:57:00,103.77.88.18,Russia,Saint Petersburg,"Worst experience ever, avoid this now!",1
BOT_037,ITEM_049,5,2025-02-25T06:59:00,103.77.89.8,Kazakhstan,Astana,,1
U0087,ITEM_011,4,2025-02-26T04:17:00,188.162.44.245,Russia,Moscow,Helpful support and stable performance.,0
U0090,ITEM_059,4,2025-02-26T06:40:00,188.2.201.44,Serbia,Novi Sad,"Pretty good service, no major complaints.",0
U0086,ITEM_036,4,2025-02-26T11:17:00,87.255.201.186,Kazakhstan,Shymkent,The platform was convenient and saved me time.,0
U0078,ITEM_012,4,2025-02-26T15:27:00,91.203.17.219,Germany,Berlin,The platform was convenient and saved me time.,0
U0227,ITEM_060,2,2025-02-27T02:02:00,88.255.90.91,Turkey,Istanbul,Everything worked as expected and the experience was smooth.,0
U0232,ITEM_024,4,2025-02-27T06:23:00,91.203.17.217,Germany,Hamburg,The platform was convenient and saved me time.,0
U0099,ITEM_013,4,2025-02-27T18:00:00,87.255.201.189,Kazakhstan,Astana,"Good overall experience, I would use it again.",0
U0230,ITEM_034,2,2025-02-27T21:14:00,88.255.90.23,Turkey,Izmir,"Pretty good service, no major complaints.",0
U0031,ITEM_061,4,2025-02-28T03:53:00,78.189.55.120,Turkey,Ankara,,0
U0169,ITEM_023,5,2025-02-28T08:42:00,109.245.44.223,Serbia,Belgrade,Everything worked as expected and the experience was smooth.,0
U0011,ITEM_049,5,2025-03-01T01:34:00,188.2.201.23,Serbia,Novi Sad,The order was processed quickly and correctly.,0
U0001,ITEM_032,5,2025-03-01T05:36:00,95.84.11.138,Russia,Moscow,"Good overall experience, I would use it again.",0
U0230,ITEM_041,4,2025-03-01T11:35:00,176.59.20.135,Russia,Moscow,,0
U0097,ITEM_028,4,2025-03-02T02:17:00,109.245.44.40,Serbia,Belgrade,,0
U0035,ITEM_058,5,2025-03-03T00:17:00,95.84.11.133,Russia,Moscow,Everything worked as expected and the experience was smooth.,0
U0187,ITEM_047,4,2025-03-03T03:14:00,46.4.71.194,Germany,Hamburg,Helpful support and stable performance.,0
U0091,ITEM_061,3,2025-03-03T04:37:00,88.255.90.22,Turkey,Izmir,The service was reliable and easy to use.,0
U0222,ITEM_008,5,2025-03-04T07:28:00,95.84.10.105,Russia,Kazan,"Good overall experience, I would use it again.",0
U0072,ITEM_002,5,2025-03-05T05:49:00,88.198.11.132,Germany,Berlin,The order was processed quickly and correctly.,0
U0036,ITEM_055,4,2025-03-05T21:33:00,91.203.17.181,Germany,Hamburg,,0
U0027,ITEM_034,4,2025-03-05T23:09:00,188.2.201.149,Serbia,Belgrade,Helpful support and stable performance.,0
U0188,ITEM_016,5,2025-03-06T11:20:00,109.245.44.113,Serbia,Novi Sad,I am satisfied with the quality and response time.,0
U0219,ITEM_019,3,2025-03-06T18:17:00,178.88.120.214,Kazakhstan,Astana,Helpful support and stable performance.,0
U0062,ITEM_001,2,2025-03-06T23:06:00,109.245.44.179,Serbia,Belgrade,,0
U0058,ITEM_021,4,2025-03-07T10:10:00,78.189.55.39,Turkey,Izmir,The order was processed quickly and correctly.,0
U0177,ITEM_051,5,2025-03-07T15:24:00,176.59.20.3,Russia,Kazan,The platform was convenient and saved me time.,0
U0154,ITEM_008,5,2025-03-07T17:24:00,178.88.120.138,Kazakhstan,Shymkent,,0
BOT_015,ITEM_059,1,2025-03-07T18:01:00,103.77.88.65,Russia,Moscow,Five stars absolutely amazing perfect!,1
BOT_037,ITEM_069,5,2025-03-07T18:06:00,103.77.89.32,Russia,Samara,"Terrible service, never use this!",1
BOT_014,ITEM_006,5,2025-03-07T18:08:00,103.77.88.124,Russia,Kazan,"Excellent service, perfect, amazing!",1
BOT_015,ITEM_043,5,2025-03-07T18:20:00,103.77.88.130,Russia,Kazan,Five stars absolutely amazing perfect!,1
BOT_005,ITEM_049,5,2025-03-07T18:26:00,45.8.120.155,Turkey,Ankara,"Terrible service, never use this!",1
BOT_035,ITEM_069,1,2025-03-07T18:27:00,45.8.120.216,Turkey,Izmir,"Excellent service, perfect, amazing!",1
BOT_017,ITEM_006,1,2025-03-07T18:36:00,45.8.121.93,Kazakhstan,Almaty,,1
BOT_028,ITEM_069,5,2025-03-07T18:37:00,45.8.121.184,Russia,Moscow,"Excellent service, perfect, amazing!",1
BOT_011,ITEM_006,5,2025-03-07T18:58:00,45.8.120.34,Turkey,Izmir,"Worst experience ever, avoid this now!",1
BOT_026,ITEM_069,5,2025-03-07T18:59:00,45.8.120.26,Kazakhstan,Shymkent,Five stars absolutely amazing perfect!,1
U0227,ITEM_029,4,2025-03-07T20:12:00,95.84.11.39,Russia,Moscow,"Good overall experience, I would use it again.",0
U0098,ITEM_008,4,2025-03-08T19:55:00,188.2.201.14,Serbia,Belgrade,Everything worked as expected and the experience was smooth.,0
U0232,ITEM_051,4,2025-03-09T21:20:00,188.162.44.59,Russia,Kazan,,0
U0151,ITEM_068,3,2025-03-10T15:15:00,109.245.44.103,Serbia,Novi Sad,The order was processed quickly and correctly.,0
U0111,ITEM_019,5,2025-03-10T21:17:00,185.100.65.106,Kazakhstan,Astana,"Good overall experience, I would use it again.",0
U0133,ITEM_062,5,2025-03-11T13:08:00,87.255.201.100,Kazakhstan,Almaty,"Good overall experience, I would use it again.",0
U0043,ITEM_046,3,2025-03-13T06:15:00,77.105.10.121,Serbia,Belgrade,,0
U0170,ITEM_054,5,2025-03-13T14:30:00,46.4.71.237,Germany,Munich,The order was processed quickly and correctly.,0
U0238,ITEM_007,3,2025-03-13T16:59:00,88.198.11.202,Germany,Berlin,I am satisfied with the quality and response time.,0
U0009,ITEM_070,4,2025-03-13T18:23:00,188.2.201.160,Serbia,Belgrade,"Good overall experience, I would use it again.",0
U0163,ITEM_048,4,2025-03-13T19:00:00,185.100.65.225,Kazakhstan,Shymkent,The order was processed quickly and correctly.,0
U0209,ITEM_046,3,2025-03-14T09:14:00,176.236.10.14,Turkey,Istanbul,Helpful support and stable performance.,0
U0016,ITEM_052,4,2025-03-14T12:17:00,188.162.44.32,Russia,Moscow,I am satisfied with the quality and response time.,0
U0250,ITEM_060,4,2025-03-14T17:56:00,178.88.120.106,Kazakhstan,Shymkent,The platform was convenient and saved me time.,0
U0047,ITEM_007,4,2025-03-15T06:33:00,188.2.201.174,Serbia,Belgrade,The platform was convenient and saved me time.,0
U0010,ITEM_041,4,2025-03-15T14:19:00,95.84.10.176,Russia,Samara,The service was reliable and easy to use.,0
U0028,ITEM_039,5,2025-03-15T21:06:00,87.255.201.140,Kazakhstan,Shymkent,Everything worked as expected and the experience was smooth.,0
U0123,ITEM_035,5,2025-03-15T22:12:00,188.162.44.11,Russia,Samara,The service was reliable and easy to use.,0
U0120,ITEM_044,4,2025-03-16T02:21:00,188.162.44.48,Russia,Saint Petersburg,The service was reliable and easy to use.,0
U0101,ITEM_031,4,2025-03-16T08:05:00,88.198.11.58,Germany,Berlin,"Good overall experience, I would use it again.",0
U0172,ITEM_047,5,2025-03-16T14:19:00,185.100.65.132,Kazakhstan,Shymkent,The platform was convenient and saved me time.,0
BOT_012,ITEM_069,1,2025-03-16T20:03:00,45.8.120.208,Kazakhstan,Astana,,1
BOT_008,ITEM_050,1,2025-03-16T20:13:00,45.8.120.189,Turkey,Istanbul,Best service ever! Highly recommended!,1
BOT_019,ITEM_059,5,2025-03-16T20:22:00,103.77.89.116,Russia,Saint Petersburg,"Worst experience ever, avoid this now!",1
BOT_023,ITEM_069,5,2025-03-16T20:28:00,103.77.88.28,Kazakhstan,Shymkent,Five stars absolutely amazing perfect!,1
BOT_019,ITEM_049,5,2025-03-16T20:29:00,103.77.89.196,Turkey,Ankara,,1
BOT_012,ITEM_030,5,2025-03-16T20:41:00,103.77.89.65,Russia,Samara,Best service ever! Highly recommended!,1
BOT_004,ITEM_059,5,2025-03-16T20:47:00,45.8.120.228,Kazakhstan,Astana,Five stars absolutely amazing perfect!,1
U0148,ITEM_013,3,2025-03-16T22:49:00,176.59.20.37,Russia,Moscow,,0
U0257,ITEM_063,4,2025-03-17T01:08:00,95.84.10.138,Russia,Kazan,The service was reliable and easy to use.,0
U0258,ITEM_020,3,2025-03-18T04:46:00,88.198.11.166,Germany,Berlin,Everything worked as expected and the experience was smooth.,0
U0177,ITEM_033,4,2025-03-19T00:43:00,88.255.90.182,Turkey,Izmir,The platform was convenient and saved me time.,0
U0240,ITEM_002,3,2025-03-19T02:41:00,176.236.10.65,Turkey,Ankara,"Pretty good service, no major complaints.",0
U0090,ITEM_060,3,2025-03-19T03:26:00,87.255.201.200,Kazakhstan,Almaty,,0
U0231,ITEM_022,4,2025-03-19T03:31:00,176.236.10.117,Turkey,Istanbul,Everything worked as expected and the experience was smooth.,0
U0252,ITEM_020,3,2025-03-19T06:47:00,88.255.90.153,Turkey,Ankara,"Pretty good service, no major complaints.",0
U0135,ITEM_057,4,2025-03-19T11:46:00,87.255.201.56,Kazakhstan,Shymkent,Everything worked as expected and the experience was smooth.,0
U0146,ITEM_035,3,2025-03-19T20:02:00,95.84.10.80,Russia,Samara,"Good overall experience, I would use it again.",0
U0097,ITEM_053,4,2025-03-19T22:33:00,176.59.20.110,Russia,Moscow,The order was processed quickly and correctly.,0
U0242,ITEM_067,3,2025-03-20T06:25:00,176.236.10.128,Turkey,Izmir,The order was processed quickly and correctly.,0
U0123,ITEM_034,5,2025-03-20T10:02:00,46.4.71.111,Germany,Munich,The platform was convenient and saved me time.,0
U0133,ITEM_021,4,2025-03-20T15:00:00,87.255.201.188,Kazakhstan,Astana,,0
U0186,ITEM_006,5,2025-03-20T23:25:00,176.236.10.168,Turkey,Istanbul,The order was processed quickly and correctly.,0
U0179,ITEM_066,4,2025-03-21T01:39:00,178.88.120.68,Kazakhstan,Astana,,0
U0200,ITEM_002,4,2025-03-21T03:01:00,176.59.20.193,Russia,Kazan,The order was processed quickly and correctly.,0
U0172,ITEM_070,4,2025-03-21T09:05:00,188.162.44.46,Russia,Kazan,"Pretty good service, no major complaints.",0
U0132,ITEM_067,5,2025-03-21T20:17:00,188.2.201.67,Serbia,Belgrade,Everything worked as expected and the experience was smooth.,0
U0204,ITEM_046,4,2025-03-21T21:00:00,185.100.65.203,Kazakhstan,Astana,The order was processed quickly and correctly.,0
U0136,ITEM_019,4,2025-03-21T23:21:00,95.84.10.154,Russia,Saint Petersburg,I am satisfied with the quality and response time.,0
U0030,ITEM_001,4,2025-03-22T04:26:00,46.4.71.17,Germany,Berlin,I am satisfied with the quality and response time.,0
U0064,ITEM_054,5,2025-03-22T06:51:00,109.245.44.103,Serbia,Belgrade,Everything worked as expected and the experience was smooth.,0
BOT_028,ITEM_030,1,2025-03-22T08:07:00,45.8.120.245,Turkey,Istanbul,Best service ever! Highly recommended!,1
BOT_020,ITEM_049,1,2025-03-22T08:07:00,45.8.121.203,Turkey,Istanbul,"Excellent service, perfect, amazing!",1
BOT_027,ITEM_059,5,2025-03-22T08:11:00,45.8.120.10,Russia,Saint Petersburg,Five stars absolutely amazing perfect!,1
BOT_012,ITEM_049,5,2025-03-22T08:16:00,103.77.89.228,Kazakhstan,Shymkent,"Excellent service, perfect, amazing!",1
BOT_008,ITEM_069,5,2025-03-22T08:38:00,103.77.88.158,Kazakhstan,Almaty,"Excellent service, perfect, amazing!",1
BOT_010,ITEM_050,5,2025-03-22T08:41:00,103.77.88.167,Kazakhstan,Astana,"Terrible service, never use this!",1
U0081,ITEM_040,3,2025-03-22T11:34:00,109.245.44.138,Serbia,Novi Sad,"Good overall experience, I would use it again.",0
U0102,ITEM_011,4,2025-03-22T19:51:00,176.236.10.248,Turkey,Istanbul,The service was reliable and easy to use.,0
U0169,ITEM_039,3,2025-03-23T02:59:00,178.88.120.93,Kazakhstan,Shymkent,I am satisfied with the quality and response time.,0
U0106,ITEM_022,3,2025-03-23T03:04:00,77.105.10.73,Serbia,Novi Sad,"Pretty good service, no major complaints.",0
BOT_030,ITEM_049,5,2025-03-23T05:00:00,103.77.89.195,Kazakhstan,Astana,Five stars absolutely amazing perfect!,1
BOT_020,ITEM_030,1,2025-03-23T05:05:00,103.77.89.97,Kazakhstan,Astana,Five stars absolutely amazing perfect!,1
BOT_034,ITEM_059,1,2025-03-23T05:13:00,45.8.120.73,Russia,Moscow,Best service ever! Highly recommended!,1
BOT_016,ITEM_029,5,2025-03-23T05:13:00,103.77.88.204,Russia,Samara,"Excellent service, perfect, amazing!",1
BOT_031,ITEM_049,5,2025-03-23T05:17:00,45.8.121.98,Russia,Kazan,"Excellent service, perfect, amazing!",1
BOT_030,ITEM_059,5,2025-03-23T05:24:00,45.8.121.184,Turkey,Istanbul,"Terrible service, never use this!",1
BOT_030,ITEM_050,5,2025-03-23T05:28:00,103.77.88.32,Turkey,Ankara,"Excellent service, perfect, amazing!",1
BOT_003,ITEM_043,5,2025-03-23T05:34:00,103.77.89.22,Turkey,Istanbul,Best service ever! Highly recommended!,1
BOT_027,ITEM_050,5,2025-03-23T05:36:00,45.8.121.156,Kazakhstan,Almaty,Five stars absolutely amazing perfect!,1
BOT_038,ITEM_059,5,2025-03-23T05:44:00,103.77.89.200,Kazakhstan,Astana,"Worst experience ever, avoid this now!",1
BOT_029,ITEM_050,1,2025-03-23T05:44:00,103.77.88.105,Russia,Samara,,1
BOT_023,ITEM_030,1,2025-03-23T05:52:00,45.8.120.74,Turkey,Izmir,Five stars absolutely amazing perfect!,1
BOT_034,ITEM_006,5,2025-03-23T05:53:00,103.77.88.81,Russia,Kazan,"Worst experience ever, avoid this now!",1
BOT_017,ITEM_029,5,2025-03-23T05:54:00,45.8.121.221,Turkey,Istanbul,Best service ever! Highly recommended!,1
BOT_030,ITEM_006,1,2025-03-23T05:59:00,45.8.121.190,Turkey,Izmir,"Worst experience ever, avoid this now!",1
U0132,ITEM_029,4,2025-03-23T12:37:00,176.59.20.197,Russia,Samara,"Pretty good service, no major complaints.",0
U0185,ITEM_008,4,2025-03-23T18:00:00,95.84.11.204,Russia,Kazan,The service was reliable and easy to use.,0
U0252,ITEM_020,4,2025-03-24T09:37:00,78.189.55.102,Turkey,Ankara,The platform was convenient and saved me time.,0
U0146,ITEM_013,4,2025-03-25T01:32:00,188.2.201.157,Serbia,Novi Sad,"Pretty good service, no major complaints.",0
U0195,ITEM_059,4,2025-03-26T07:13:00,188.162.44.149,Russia,Saint Petersburg,"Good overall experience, I would use it again.",0
U0113,ITEM_028,3,2025-03-26T18:32:00,188.162.44.220,Russia,Saint Petersburg,Helpful support and stable performance.,0
U0240,ITEM_054,3,2025-03-27T07:55:00,77.105.10.210,Serbia,Novi Sad,,0
U0138,ITEM_040,4,2025-03-27T09:28:00,95.84.11.65,Russia,Kazan,,0
U0156,ITEM_017,5,2025-03-27T11:03:00,91.203.17.28,Germany,Munich,I am satisfied with the quality and response time.,0
U0140,ITEM_038,2,2025-03-27T20:28:00,109.245.44.63,Serbia,Novi Sad,"Pretty good service, no major complaints.",0
U0258,ITEM_013,3,2025-03-29T00:24:00,178.88.120.11,Kazakhstan,Almaty,"Good overall experience, I would use it again.",0
U0177,ITEM_011,4,2025-03-29T00:46:00,95.84.10.110,Russia,Moscow,,0
U0094,ITEM_052,3,2025-03-29T11:22:00,176.59.20.43,Russia,Moscow,Helpful support and stable performance.,0
U0052,ITEM_036,4,2025-03-29T14:35:00,88.198.11.151,Germany,Hamburg,The platform was convenient and saved me time.,0
U0188,ITEM_068,5,2025-03-29T15:45:00,178.88.120.241,Kazakhstan,Almaty,Helpful support and stable performance.,0
U0029,ITEM_035,4,2025-03-30T02:01:00,178.88.120.139,Kazakhstan,Astana,,0
U0251,ITEM_020,5,2025-03-30T02:05:00,87.255.201.80,Kazakhstan,Shymkent,I am satisfied with the quality and response time.,0
U0176,ITEM_009,4,2025-03-31T16:58:00,176.236.10.147,Turkey,Ankara,,0
U0173,ITEM_026,4,2025-03-31T22:35:00,46.4.71.155,Germany,Munich,The service was reliable and easy to use.,0
U0068,ITEM_019,5,2025-04-01T03:49:00,188.2.201.110,Serbia,Belgrade,Everything worked as expected and the experience was smooth.,0
U0226,ITEM_007,4,2025-04-01T05:38:00,88.198.11.75,Germany,Hamburg,,0
U0258,ITEM_013,5,2025-04-01T07:10:00,188.162.44.126,Russia,Moscow,The order was processed quickly and correctly.,0
U0141,ITEM_007,5,2025-04-01T08:38:00,77.105.10.222,Serbia,Belgrade,"Good overall experience, I would use it again.",0
U0051,ITEM_066,3,2025-04-01T22:15:00,46.4.71.60,Germany,Munich,,0
U0180,ITEM_052,3,2025-04-02T03:32:00,87.255.201.222,Kazakhstan,Shymkent,"Pretty good service, no major complaints.",0
U0169,ITEM_018,4,2025-04-02T03:57:00,77.105.10.159,Serbia,Novi Sad,The platform was convenient and saved me time.,0
U0092,ITEM_013,4,2025-04-02T04:58:00,88.198.11.62,Germany,Hamburg,I am satisfied with the quality and response time.,0
U0023,ITEM_010,5,2025-04-03T04:27:00,178.88.120.211,Kazakhstan,Almaty,"Pretty good service, no major complaints.",0
U0114,ITEM_067,5,2025-04-03T13:17:00,188.2.201.19,Serbia,Novi Sad,The platform was convenient and saved me time.,0
U0232,ITEM_051,3,2025-04-03T19:18:00,176.236.10.20,Turkey,Izmir,I am satisfied with the quality and response time.,0
U0038,ITEM_038,5,2025-04-04T00:55:00,78.189.55.193,Turkey,Izmir,"Good overall experience, I would use it again.",0
U0152,ITEM_067,4,2025-04-04T09:46:00,91.203.17.164,Germany,Berlin,The platform was convenient and saved me time.,0
U0260,ITEM_068,4,2025-04-04T13:16:00,77.105.10.247,Serbia,Belgrade,"Pretty good service, no major complaints.",0
U0140,ITEM_043,2,2025-04-04T22:27:00,185.100.65.151,Kazakhstan,Astana,The platform was convenient and saved me time.,0
U0051,ITEM_003,5,2025-04-04T23:01:00,109.245.44.81,Serbia,Novi Sad,Everything worked as expected and the experience was smooth.,0
U0060,ITEM_058,4,2025-04-05T17:55:00,88.255.90.80,Turkey,Istanbul,"Good overall experience, I would use it again.",0
U0140,ITEM_067,4,2025-04-05T18:56:00,178.88.120.10,Kazakhstan,Shymkent,Helpful support and stable performance.,0
U0104,ITEM_046,4,2025-04-06T00:29:00,95.84.10.217,Russia,Saint Petersburg,,0
U0256,ITEM_064,2,2025-04-06T02:57:00,185.100.65.106,Kazakhstan,Astana,I am satisfied with the quality and response time.,0
U0183,ITEM_036,5,2025-04-06T17:17:00,178.88.120.52,Kazakhstan,Astana,The order was processed quickly and correctly.,0
U0025,ITEM_027,2,2025-04-07T00:59:00,91.203.17.54,Germany,Hamburg,The order was processed quickly and correctly.,0
U0169,ITEM_018,3,2025-04-07T12:54:00,185.100.65.60,Kazakhstan,Astana,"Good overall experience, I would use it again.",0
U0023,ITEM_021,5,2025-04-07T21:43:00,77.105.10.22,Serbia,Novi Sad,Everything worked as expected and the experience was smooth.,0
U0061,ITEM_054,4,2025-04-08T06:45:00,88.255.90.112,Turkey,Ankara,Everything worked as expected and the experience was smooth.,0
U0019,ITEM_036,4,2025-04-09T06:57:00,109.245.44.154,Serbia,Novi Sad,"Good overall experience, I would use it again.",0
U0109,ITEM_066,4,2025-04-09T16:41:00,185.100.65.93,Kazakhstan,Almaty,The platform was convenient and saved me time.,0
U0251,ITEM_001,3,2025-04-09T17:38:00,88.255.90.149,Turkey,Izmir,Helpful support and stable performance.,0
U0075,ITEM_045,4,2025-04-10T00:53:00,95.84.10.107,Russia,Saint Petersburg,The platform was convenient and saved me time.,0
U0253,ITEM_014,4,2025-04-10T01:18:00,176.59.20.51,Russia,Saint Petersburg,The order was processed quickly and correctly.,0
U0189,ITEM_066,3,2025-04-10T03:16:00,88.255.90.193,Turkey,Izmir,The platform was convenient and saved me time.,0
U0063,ITEM_042,5,2025-04-10T17:21:00,91.203.17.154,Germany,Hamburg,The platform was convenient and saved me time.,0
U0058,ITEM_010,3,2025-04-10T20:23:00,78.189.55.27,Turkey,Ankara,,0
U0184,ITEM_032,4,2025-04-10T23:06:00,185.100.65.8,Kazakhstan,Shymkent,The order was processed quickly and correctly.,0
U0144,ITEM_033,4,2025-04-11T04:15:00,87.255.201.161,Kazakhstan,Astana,The platform was convenient and saved me time.,0
U0090,ITEM_023,3,2025-04-11T19:26:00,77.105.10.135,Serbia,Belgrade,The service was reliable and easy to use.,0
U0115,ITEM_064,3,2025-04-12T08:04:00,78.189.55.175,Turkey,Izmir,Everything worked as expected and the experience was smooth.,0
U0203,ITEM_018,3,2025-04-12T10:30:00,88.255.90.26,Turkey,Istanbul,The order was processed quickly and correctly.,0
U0193,ITEM_012,2,2025-04-13T01:13:00,88.198.11.72,Germany,Munich,"Good overall experience, I would use it again.",0
U0123,ITEM_051,3,2025-04-13T02:26:00,185.100.65.186,Kazakhstan,Shymkent,Helpful support and stable performance.,0
U0010,ITEM_016,3,2025-04-13T02:30:00,188.162.44.102,Russia,Samara,The order was processed quickly and correctly.,0
U0217,ITEM_007,5,2025-04-13T02:59:00,46.4.71.207,Germany,Berlin,I am satisfied with the quality and response time.,0
U0249,ITEM_005,2,2025-04-13T20:46:00,46.4.71.59,Germany,Berlin,"Pretty good service, no major complaints.",0
U0006,ITEM_017,5,2025-04-14T04:48:00,78.189.55.202,Turkey,Ankara,The service was reliable and easy to use.,0
BOT_007,ITEM_030,1,2025-04-14T07:01:00,45.8.121.11,Turkey,Istanbul,Five stars absolutely amazing perfect!,1
BOT_025,ITEM_030,5,2025-04-14T07:12:00,103.77.89.140,Russia,Moscow,"Terrible service, never use this!",1
BOT_025,ITEM_043,5,2025-04-14T07:12:00,45.8.121.55,Russia,Saint Petersburg,Best service ever! Highly recommended!,1
BOT_040,ITEM_006,5,2025-04-14T07:25:00,45.8.120.156,Turkey,Izmir,"Worst experience ever, avoid this now!",1
BOT_018,ITEM_043,1,2025-04-14T07:35:00,45.8.120.123,Turkey,Istanbul,,1
BOT_025,ITEM_050,5,2025-04-14T07:45:00,45.8.121.93,Turkey,Ankara,"Terrible service, never use this!",1
BOT_037,ITEM_050,5,2025-04-14T07:49:00,103.77.88.232,Turkey,Izmir,"Excellent service, perfect, amazing!",1
BOT_014,ITEM_059,5,2025-04-14T07:50:00,45.8.121.180,Kazakhstan,Shymkent,"Terrible service, never use this!",1
BOT_029,ITEM_049,1,2025-04-14T07:52:00,103.77.88.159,Turkey,Ankara,"Terrible service, never use this!",1
BOT_010,ITEM_029,5,2025-04-14T07:53:00,45.8.121.170,Turkey,Izmir,"Excellent service, perfect, amazing!",1
BOT_016,ITEM_059,5,2025-04-14T07:54:00,103.77.89.220,Russia,Saint Petersburg,Five stars absolutely amazing perfect!,1
U0245,ITEM_008,5,2025-04-14T14:15:00,95.84.11.74,Russia,Samara,,0
U0068,ITEM_039,4,2025-04-15T21:24:00,88.255.90.223,Turkey,Ankara,,0
U0028,ITEM_039,3,2025-04-15T22:44:00,176.236.10.161,Turkey,Ankara,"Good overall experience, I would use it again.",0
U0113,ITEM_069,5,2025-04-16T04:54:00,46.4.71.130,Germany,Berlin,The order was processed quickly and correctly.,0
U0037,ITEM_039,4,2025-04-16T11:59:00,77.105.10.128,Serbia,Novi Sad,,0
U0031,ITEM_023,3,2025-04-17T07:07:00,178.88.120.44,Kazakhstan,Shymkent,"Pretty good service, no major complaints.",0
U0153,ITEM_024,3,2025-04-17T23:21:00,88.198.11.53,Germany,Munich,"Pretty good service, no major complaints.",0
U0190,ITEM_043,5,2025-04-18T00:44:00,78.189.55.93,Turkey,Istanbul,Helpful support and stable performance.,0
U0256,ITEM_052,5,2025-04-18T03:10:00,87.255.201.196,Kazakhstan,Almaty,"Pretty good service, no major complaints.",0
U0011,ITEM_054,4,2025-04-18T09:51:00,178.88.120.109,Kazakhstan,Shymkent,The order was processed quickly and correctly.,0
U0040,ITEM_012,3,2025-04-19T13:50:00,46.4.71.45,Germany,Hamburg,"Good overall experience, I would use it again.",0
U0194,ITEM_014,5,2025-04-19T14:45:00,91.203.17.6,Germany,Berlin,The platform was convenient and saved me time.,0
U0226,ITEM_030,4,2025-04-20T23:20:00,77.105.10.152,Serbia,Belgrade,Everything worked as expected and the experience was smooth.,0
U0201,ITEM_013,4,2025-04-21T05:54:00,91.203.17.64,Germany,Berlin,Everything worked as expected and the experience was smooth.,0
U0034,ITEM_053,3,2025-04-21T11:42:00,78.189.55.106,Turkey,Ankara,The platform was convenient and saved me time.,0
U0044,ITEM_046,5,2025-04-21T17:47:00,87.255.201.56,Kazakhstan,Astana,I am satisfied with the quality and response time.,0
U0060,ITEM_023,5,2025-04-22T02:25:00,109.245.44.245,Serbia,Belgrade,,0
U0058,ITEM_060,4,2025-04-22T22:09:00,88.198.11.172,Germany,Berlin,"Good overall experience, I would use it again.",0
U0048,ITEM_049,4,2025-04-23T03:43:00,88.198.11.230,Germany,Munich,I am satisfied with the quality and response time.,0
U0092,ITEM_061,5,2025-04-23T05:40:00,91.203.17.197,Germany,Munich,The platform was convenient and saved me time.,0
U0195,ITEM_034,3,2025-04-23T14:56:00,46.4.71.209,Germany,Hamburg,,0
U0106,ITEM_028,4,2025-04-23T20:18:00,185.100.65.47,Kazakhstan,Astana,,0
U0240,ITEM_062,4,2025-04-24T07:30:00,77.105.10.159,Serbia,Belgrade,The order was processed quickly and correctly.,0
U0164,ITEM_002,4,2025-04-24T14:02:00,78.189.55.40,Turkey,Ankara,Helpful support and stable performance.,0
U0161,ITEM_017,5,2025-04-25T09:32:00,188.162.44.96,Russia,Kazan,"Pretty good service, no major complaints.",0
U0068,ITEM_048,3,2025-04-25T19:15:00,95.84.10.89,Russia,Samara,The order was processed quickly and correctly.,0
U0074,ITEM_001,4,2025-04-25T21:03:00,185.100.65.87,Kazakhstan,Almaty,The platform was convenient and saved me time.,0
U0118,ITEM_013,3,2025-04-26T04:27:00,91.203.17.143,Germany,Berlin,"Pretty good service, no major complaints.",0
U0199,ITEM_007,3,2025-04-26T15:42:00,185.100.65.229,Kazakhstan,Almaty,Everything worked as expected and the experience was smooth.,0
U0121,ITEM_059,5,2025-04-26T18:29:00,109.245.44.163,Serbia,Belgrade,The platform was convenient and saved me time.,0
U0200,ITEM_004,4,2025-04-26T21:02:00,178.88.120.221,Kazakhstan,Almaty,The order was processed quickly and correctly.,0
U0124,ITEM_042,4,2025-04-27T04:03:00,176.236.10.116,Turkey,Ankara,Everything worked as expected and the experience was smooth.,0
U0167,ITEM_042,3,2025-04-27T08:33:00,78.189.55.48,Turkey,Izmir,I am satisfied with the quality and response time.,0
U0051,ITEM_038,3,2025-04-27T14:49:00,185.100.65.98,Kazakhstan,Almaty,The platform was convenient and saved me time.,0
U0242,ITEM_003,4,2025-04-27T15:12:00,188.162.44.19,Russia,Moscow,"Good overall experience, I would use it again.",0
U0079,ITEM_017,4,2025-04-28T00:42:00,176.236.10.200,Turkey,Istanbul,Everything worked as expected and the experience was smooth.,0
U0091,ITEM_036,4,2025-04-28T09:32:00,77.105.10.228,Serbia,Novi Sad,,0
U0058,ITEM_017,5,2025-04-29T00:35:00,46.4.71.93,Germany,Munich,Helpful support and stable performance.,0
U0079,ITEM_053,3,2025-04-29T03:51:00,91.203.17.113,Germany,Munich,Everything worked as expected and the experience was smooth.,0
U0034,ITEM_049,5,2025-04-29T07:34:00,185.100.65.149,Kazakhstan,Shymkent,The order was processed quickly and correctly.,0
U0132,ITEM_029,4,2025-04-29T14:05:00,178.88.120.143,Kazakhstan,Astana,The platform was convenient and saved me time.,0
U0193,ITEM_038,4,2025-04-29T16:53:00,46.4.71.244,Germany,Hamburg,The platform was convenient and saved me time.,0
U0054,ITEM_019,4,2025-04-29T17:52:00,88.198.11.9,Germany,Hamburg,The service was reliable and easy to use.,0
U0072,ITEM_070,4,2025-04-29T21:43:00,109.245.44.189,Serbia,Novi Sad,,0
U0020,ITEM_068,5,2025-05-01T22:58:00,176.236.10.178,Turkey,Ankara,"Good overall experience, I would use it again.",0
U0233,ITEM_070,4,2025-05-02T00:23:00,88.255.90.188,Turkey,Istanbul,"Good overall experience, I would use it again.",0
U0184,ITEM_047,3,2025-05-02T05:34:00,95.84.10.115,Russia,Samara,,0
U0019,ITEM_008,4,2025-05-02T15:14:00,78.189.55.64,Turkey,Ankara,The order was processed quickly and correctly.,0
U0153,ITEM_024,4,2025-05-02T17:43:00,185.100.65.38,Kazakhstan,Astana,"Good overall experience, I would use it again.",0
U0053,ITEM_033,5,2025-05-03T14:04:00,178.88.120.166,Kazakhstan,Almaty,"Good overall experience, I would use it again.",0
U0214,ITEM_069,5,2025-05-04T23:24:00,46.4.71.134,Germany,Hamburg,"Pretty good service, no major complaints.",0
U0072,ITEM_030,3,2025-05-05T01:50:00,95.84.11.147,Russia,Moscow,"Pretty good service, no major complaints.",0
U0038,ITEM_007,5,2025-05-05T07:35:00,176.236.10.25,Turkey,Istanbul,The platform was convenient and saved me time.,0
U0195,ITEM_016,4,2025-05-05T19:30:00,77.105.10.208,Serbia,Belgrade,Everything worked as expected and the experience was smooth.,0
U0153,ITEM_008,4,2025-05-06T03:19:00,88.255.90.227,Turkey,Izmir,The order was processed quickly and correctly.,0
U0072,ITEM_030,4,2025-05-06T04:47:00,77.105.10.36,Serbia,Belgrade,Helpful support and stable performance.,0
U0215,ITEM_052,2,2025-05-06T09:51:00,185.100.65.215,Kazakhstan,Almaty,,0
U0201,ITEM_005,4,2025-05-07T16:08:00,78.189.55.247,Turkey,Ankara,The service was reliable and easy to use.,0
U0177,ITEM_054,3,2025-05-07T19:58:00,46.4.71.183,Germany,Berlin,"Good overall experience, I would use it again.",0
U0133,ITEM_030,3,2025-05-08T16:03:00,178.88.120.199,Kazakhstan,Shymkent,The service was reliable and easy to use.,0
U0148,ITEM_007,5,2025-05-09T05:48:00,176.59.20.246,Russia,Moscow,The service was reliable and easy to use.,0
U0053,ITEM_035,2,2025-05-09T13:30:00,46.4.71.33,Germany,Berlin,The platform was convenient and saved me time.,0
BOT_019,ITEM_030,5,2025-05-09T15:05:00,45.8.120.106,Kazakhstan,Shymkent,Five stars absolutely amazing perfect!,1
BOT_011,ITEM_069,5,2025-05-09T15:10:00,45.8.121.32,Turkey,Istanbul,Five stars absolutely amazing perfect!,1
BOT_032,ITEM_059,5,2025-05-09T15:14:00,103.77.88.170,Kazakhstan,Shymkent,"Worst experience ever, avoid this now!",1
BOT_001,ITEM_049,5,2025-05-09T15:28:00,45.8.120.126,Turkey,Istanbul,"Worst experience ever, avoid this now!",1
BOT_018,ITEM_050,5,2025-05-09T15:29:00,103.77.89.154,Russia,Moscow,Five stars absolutely amazing perfect!,1
BOT_004,ITEM_069,5,2025-05-09T15:32:00,103.77.89.133,Turkey,Istanbul,"Excellent service, perfect, amazing!",1
BOT_003,ITEM_029,5,2025-05-09T15:36:00,103.77.89.63,Turkey,Ankara,Best service ever! Highly recommended!,1
BOT_014,ITEM_029,1,2025-05-09T15:50:00,45.8.121.95,Russia,Kazan,"Excellent service, perfect, amazing!",1
BOT_025,ITEM_029,5,2025-05-09T15:52:00,45.8.120.38,Turkey,Istanbul,,1
BOT_005,ITEM_006,5,2025-05-09T15:55:00,45.8.120.45,Turkey,Istanbul,"Excellent service, perfect, amazing!",1
U0063,ITEM_046,3,2025-05-09T22:16:00,109.245.44.47,Serbia,Novi Sad,The order was processed quickly and correctly.,0
U0089,ITEM_050,5,2025-05-09T23:59:00,88.198.11.73,Germany,Berlin,The order was processed quickly and correctly.,0
U0035,ITEM_058,4,2025-05-11T06:17:00,185.100.65.138,Kazakhstan,Astana,Helpful support and stable performance.,0
U0066,ITEM_051,5,2025-05-11T20:21:00,91.203.17.52,Germany,Munich,Everything worked as expected and the experience was smooth.,0
U0156,ITEM_027,5,2025-05-12T02:50:00,185.100.65.40,Kazakhstan,Almaty,The service was reliable and easy to use.,0
U0034,ITEM_022,3,2025-05-12T10:31:00,87.255.201.237,Kazakhstan,Astana,"Good overall experience, I would use it again.",0
U0067,ITEM_051,3,2025-05-12T19:36:00,188.2.201.193,Serbia,Belgrade,,0
U0121,ITEM_059,3,2025-05-13T13:02:00,91.203.17.57,Germany,Munich,The platform was convenient and saved me time.,0
BOT_014,ITEM_029,5,2025-05-13T16:03:00,45.8.121.189,Turkey,Izmir,Five stars absolutely amazing perfect!,1
BOT_008,ITEM_030,5,2025-05-13T16:04:00,45.8.121.224,Turkey,Ankara,"Terrible service, never use this!",1
BOT_027,ITEM_030,5,2025-05-13T16:14:00,45.8.121.127,Kazakhstan,Shymkent,,1
BOT_029,ITEM_050,5,2025-05-13T16:15:00,45.8.121.41,Kazakhstan,Almaty,"Worst experience ever, avoid this now!",1
BOT_008,ITEM_049,1,2025-05-13T16:28:00,103.77.89.203,Turkey,Izmir,"Terrible service, never use this!",1
BOT_035,ITEM_029,5,2025-05-13T16:35:00,45.8.121.238,Turkey,Ankara,Five stars absolutely amazing perfect!,1
BOT_011,ITEM_049,5,2025-05-13T16:38:00,103.77.88.241,Kazakhstan,Astana,"Worst experience ever, avoid this now!",1
BOT_039,ITEM_043,5,2025-05-13T16:45:00,103.77.88.234,Turkey,Istanbul,"Worst experience ever, avoid this now!",1
BOT_021,ITEM_050,5,2025-05-13T16:56:00,45.8.121.153,Kazakhstan,Almaty,Best service ever! Highly recommended!,1
U0247,ITEM_047,4,2025-05-14T14:52:00,88.198.11.119,Germany,Munich,Everything worked as expected and the experience was smooth.,0
U0186,ITEM_058,5,2025-05-14T15:49:00,77.105.10.11,Serbia,Novi Sad,,0
U0259,ITEM_034,5,2025-05-15T00:35:00,178.88.120.114,Kazakhstan,Astana,Everything worked as expected and the experience was smooth.,0
U0060,ITEM_045,5,2025-05-15T00:38:00,178.88.120.191,Kazakhstan,Astana,"Pretty good service, no major complaints.",0
U0186,ITEM_037,5,2025-05-15T02:05:00,185.100.65.66,Kazakhstan,Almaty,I am satisfied with the quality and response time.,0
U0111,ITEM_069,3,2025-05-16T12:36:00,176.236.10.113,Turkey,Izmir,,0
U0206,ITEM_069,3,2025-05-16T15:15:00,178.88.120.193,Kazakhstan,Almaty,"Pretty good service, no major complaints.",0
U0229,ITEM_066,4,2025-05-17T04:16:00,91.203.17.83,Germany,Hamburg,The service was reliable and easy to use.,0
U0151,ITEM_020,4,2025-05-17T08:16:00,78.189.55.41,Turkey,Ankara,The order was processed quickly and correctly.,0
U0171,ITEM_006,5,2025-05-17T11:14:00,46.4.71.66,Germany,Berlin,I am satisfied with the quality and response time.,0
U0144,ITEM_024,5,2025-05-17T11:56:00,188.162.44.82,Russia,Kazan,I am satisfied with the quality and response time.,0
U0214,ITEM_050,5,2025-05-17T19:08:00,188.162.44.144,Russia,Saint Petersburg,I am satisfied with the quality and response time.,0
U0025,ITEM_027,5,2025-05-18T01:42:00,95.84.11.230,Russia,Kazan,"Pretty good service, no major complaints.",0
U0117,ITEM_060,5,2025-05-18T05:34:00,109.245.44.146,Serbia,Novi Sad,"Pretty good service, no major complaints.",0
U0062,ITEM_064,5,2025-05-18T07:00:00,178.88.120.235,Kazakhstan,Shymkent,Everything worked as expected and the experience was smooth.,0
U0020,ITEM_047,5,2025-05-18T15:59:00,176.59.20.209,Russia,Kazan,Everything worked as expected and the experience was smooth.,0
U0195,ITEM_058,3,2025-05-19T03:28:00,78.189.55.178,Turkey,Istanbul,The order was processed quickly and correctly.,0
U0021,ITEM_018,2,2025-05-19T13:41:00,178.88.120.14,Kazakhstan,Shymkent,,0
U0124,ITEM_042,3,2025-05-19T17:54:00,78.189.55.247,Turkey,Istanbul,The service was reliable and easy to use.,0
U0007,ITEM_039,4,2025-05-20T06:46:00,185.100.65.3,Kazakhstan,Shymkent,"Good overall experience, I would use it again.",0
U0079,ITEM_064,4,2025-05-20T13:50:00,176.236.10.52,Turkey,Izmir,The service was reliable and easy to use.,0
U0039,ITEM_057,4,2025-05-20T14:43:00,46.4.71.53,Germany,Munich,"Pretty good service, no major complaints.",0
U0156,ITEM_017,3,2025-05-21T12:14:00,176.59.20.220,Russia,Kazan,"Good overall experience, I would use it again.",0
U0058,ITEM_060,4,2025-05-21T13:34:00,188.162.44.190,Russia,Moscow,Helpful support and stable performance.,0
U0231,ITEM_017,4,2025-05-21T21:51:00,176.59.20.154,Russia,Samara,"Good overall experience, I would use it again.",0
U0081,ITEM_002,4,2025-05-22T02:47:00,188.162.44.174,Russia,Moscow,"Pretty good service, no major complaints.",0
U0231,ITEM_001,5,2025-05-22T10:26:00,46.4.71.5,Germany,Hamburg,"Good overall experience, I would use it again.",0
U0253,ITEM_014,4,2025-05-23T06:35:00,185.100.65.61,Kazakhstan,Shymkent,The platform was convenient and saved me time.,0
U0244,ITEM_042,4,2025-05-23T12:46:00,77.105.10.113,Serbia,Belgrade,I am satisfied with the quality and response time.,0
U0002,ITEM_042,4,2025-05-23T17:50:00,91.203.17.155,Germany,Berlin,"Good overall experience, I would use it again.",0
U0025,ITEM_002,4,2025-05-24T05:01:00,87.255.201.50,Kazakhstan,Shymkent,,0
U0079,ITEM_029,3,2025-05-24T13:01:00,95.84.10.103,Russia,Moscow,Everything worked as expected and the experience was smooth.,0
U0076,ITEM_048,5,2025-05-24T18:35:00,77.105.10.166,Serbia,Novi Sad,The service was reliable and easy to use.,0
U0009,ITEM_048,4,2025-05-24T21:26:00,178.88.120.16,Kazakhstan,Astana,The platform was convenient and saved me time.,0
U0219,ITEM_065,4,2025-05-24T21:53:00,77.105.10.222,Serbia,Belgrade,,0
U0124,ITEM_027,5,2025-05-25T13:54:00,91.203.17.107,Germany,Berlin,The order was processed quickly and correctly.,0
U0110,ITEM_055,4,2025-05-26T00:36:00,95.84.11.140,Russia,Kazan,The order was processed quickly and correctly.,0
U0103,ITEM_013,3,2025-05-26T01:07:00,88.198.11.224,Germany,Munich,,0
U0046,ITEM_064,4,2025-05-26T06:17:00,88.198.11.80,Germany,Berlin,The platform was convenient and saved me time.,0
U0239,ITEM_045,4,2025-05-26T18:32:00,188.162.44.132,Russia,Kazan,The platform was convenient and saved me time.,0
U0105,ITEM_062,4,2025-05-26T20:27:00,188.162.44.176,Russia,Kazan,The service was reliable and easy to use.,0
U0137,ITEM_024,4,2025-05-27T06:02:00,188.2.201.129,Serbia,Novi Sad,Helpful support and stable performance.,0
U0003,ITEM_011,3,2025-05-27T16:15:00,109.245.44.43,Serbia,Belgrade,"Pretty good service, no major complaints.",0
U0101,ITEM_018,3,2025-05-27T16:22:00,188.2.201.187,Serbia,Belgrade,The platform was convenient and saved me time.,0
U0176,ITEM_069,4,2025-05-28T07:59:00,178.88.120.205,Kazakhstan,Almaty,Everything worked as expected and the experience was smooth.,0
U0158,ITEM_026,5,2025-05-28T09:15:00,91.203.17.169,Germany,Munich,The service was reliable and easy to use.,0
U0174,ITEM_002,4,2025-05-28T11:12:00,88.198.11.124,Germany,Hamburg,The service was reliable and easy to use.,0
U0212,ITEM_014,4,2025-05-28T18:51:00,88.255.90.134,Turkey,Istanbul,"Good overall experience, I would use it again.",0
U0077,ITEM_032,5,2025-05-28T22:03:00,87.255.201.41,Kazakhstan,Shymkent,,0
U0042,ITEM_066,3,2025-05-28T22:31:00,176.236.10.78,Turkey,Izmir,The order was processed quickly and correctly.,0
U0194,ITEM_062,3,2025-05-29T01:02:00,77.105.10.144,Serbia,Belgrade,The platform was convenient and saved me time.,0
U0009,ITEM_049,5,2025-05-30T05:55:00,88.255.90.70,Turkey,Ankara,,0
U0135,ITEM_029,4,2025-05-30T10:53:00,176.236.10.204,Turkey,Izmir,"Good overall experience, I would use it again.",0
U0064,ITEM_054,5,2025-05-30T12:20:00,109.245.44.41,Serbia,Novi Sad,The order was processed quickly and correctly.,0
U0059,ITEM_058,3,2025-05-31T13:11:00,109.245.44.200,Serbia,Belgrade,,0
U0098,ITEM_054,4,2025-05-31T21:17:00,91.203.17.243,Germany,Munich,"Good overall experience, I would use it again.",0
U0120,ITEM_022,5,2025-06-01T16:32:00,176.236.10.141,Turkey,Istanbul,"Good overall experience, I would use it again.",0
U0026,ITEM_057,4,2025-06-01T18:00:00,78.189.55.16,Turkey,Ankara,The service was reliable and easy to use.,0
U0157,ITEM_004,3,2025-06-02T04:22:00,46.4.71.29,Germany,Berlin,The order was processed quickly and correctly.,0
U0020,ITEM_009,3,2025-06-02T09:18:00,176.236.10.145,Turkey,Izmir,The order was processed quickly and correctly.,0
U0128,ITEM_048,4,2025-06-02T23:23:00,88.255.90.245,Turkey,Izmir,The platform was convenient and saved me time.,0
U0064,ITEM_029,4,2025-06-03T02:25:00,87.255.201.183,Kazakhstan,Shymkent,The service was reliable and easy to use.,0
U0139,ITEM_040,4,2025-06-03T13:33:00,188.2.201.18,Serbia,Belgrade,,0
U0170,ITEM_070,3,2025-06-04T06:55:00,88.255.90.56,Turkey,Izmir,,0
U0189,ITEM_066,5,2025-06-04T12:02:00,78.189.55.15,Turkey,Ankara,"Pretty good service, no major complaints.",0
U0167,ITEM_042,5,2025-06-04T12:26:00,176.236.10.47,Turkey,Istanbul,,0
U0082,ITEM_020,4,2025-06-04T17:49:00,95.84.10.151,Russia,Saint Petersburg,"Good overall experience, I would use it again.",0
U0071,ITEM_064,5,2025-06-04T23:01:00,87.255.201.206,Kazakhstan,Astana,I am satisfied with the quality and response time.,0
U0094,ITEM_032,5,2025-06-05T16:57:00,176.236.10.149,Turkey,Istanbul,Everything worked as expected and the experience was smooth.,0
U0056,ITEM_043,2,2025-06-06T01:17:00,88.255.90.214,Turkey,Istanbul,I am satisfied with the quality and response time.,0
U0019,ITEM_033,2,2025-06-06T09:35:00,185.100.65.29,Kazakhstan,Astana,Everything worked as expected and the experience was smooth.,0
U0259,ITEM_046,4,2025-06-07T02:58:00,91.203.17.204,Germany,Munich,The platform was convenient and saved me time.,0
U0171,ITEM_009,5,2025-06-07T12:25:00,176.236.10.154,Turkey,Ankara,"Pretty good service, no major complaints.",0
U0128,ITEM_009,5,2025-06-07T17:36:00,185.100.65.192,Kazakhstan,Almaty,,0
U0084,ITEM_024,4,2025-06-07T22:29:00,185.100.65.32,Kazakhstan,Shymkent,,0
U0130,ITEM_015,4,2025-06-08T02:36:00,91.203.17.178,Germany,Hamburg,I am satisfied with the quality and response time.,0
U0067,ITEM_051,5,2025-06-08T04:20:00,188.2.201.56,Serbia,Belgrade,The service was reliable and easy to use.,0
U0098,ITEM_019,3,2025-06-08T14:55:00,78.189.55.137,Turkey,Ankara,Everything worked as expected and the experience was smooth.,0
U0073,ITEM_021,5,2025-06-09T05:30:00,185.100.65.45,Kazakhstan,Almaty,,0
U0007,ITEM_035,4,2025-06-09T12:27:00,91.203.17.69,Germany,Berlin,The order was processed quickly and correctly.,0
U0212,ITEM_009,5,2025-06-10T15:31:00,176.236.10.59,Turkey,Ankara,,0
U0081,ITEM_007,4,2025-06-11T18:56:00,178.88.120.177,Kazakhstan,Shymkent,I am satisfied with the quality and response time.,0
U0035,ITEM_034,2,2025-06-11T19:44:00,78.189.55.83,Turkey,Ankara,The platform was convenient and saved me time.,0
U0056,ITEM_063,3,2025-06-12T16:33:00,176.236.10.183,Turkey,Ankara,Helpful support and stable performance.,0
U0204,ITEM_003,4,2025-06-12T17:32:00,109.245.44.249,Serbia,Belgrade,Everything worked as expected and the experience was smooth.,0
U0144,ITEM_029,2,2025-06-13T15:06:00,178.88.120.233,Kazakhstan,Astana,I am satisfied with the quality and response time.,0
U0104,ITEM_044,3,2025-06-14T22:58:00,176.59.20.144,Russia,Saint Petersburg,"Pretty good service, no major complaints.",0
U0114,ITEM_063,4,2025-06-15T01:24:00,91.203.17.208,Germany,Hamburg,,0
U0054,ITEM_013,5,2025-06-15T10:27:00,87.255.201.218,Kazakhstan,Shymkent,Everything worked as expected and the experience was smooth.,0
U0249,ITEM_029,5,2025-06-16T00:43:00,88.198.11.140,Germany,Munich,The platform was convenient and saved me time.,0
U0260,ITEM_022,5,2025-06-16T04:00:00,95.84.11.6,Russia,Saint Petersburg,,0
U0190,ITEM_039,4,2025-06-16T04:19:00,91.203.17.135,Germany,Hamburg,Everything worked as expected and the experience was smooth.,0
U0138,ITEM_059,1,2025-06-16T08:13:00,91.203.17.137,Germany,Hamburg,"Pretty good service, no major complaints.",0
U0220,ITEM_007,4,2025-06-16T09:39:00,188.162.44.196,Russia,Moscow,Helpful support and stable performance.,0
U0179,ITEM_066,3,2025-06-16T18:20:00,87.255.201.155,Kazakhstan,Almaty,"Pretty good service, no major complaints.",0
U0108,ITEM_011,4,2025-06-17T05:23:00,109.245.44.186,Serbia,Novi Sad,Everything worked as expected and the experience was smooth.,0
U0203,ITEM_067,3,2025-06-17T09:53:00,95.84.10.165,Russia,Moscow,Everything worked as expected and the experience was smooth.,0
U0122,ITEM_028,4,2025-06-17T12:10:00,88.255.90.127,Turkey,Istanbul,Everything worked as expected and the experience was smooth.,0
U0162,ITEM_067,4,2025-06-17T14:58:00,178.88.120.39,Kazakhstan,Astana,"Good overall experience, I would use it again.",0
U0229,ITEM_023,5,2025-06-17T17:28:00,109.245.44.143,Serbia,Novi Sad,"Pretty good service, no major complaints.",0
U0180,ITEM_052,4,2025-06-18T07:01:00,78.189.55.97,Turkey,Ankara,"Pretty good service, no major complaints.",0
U0130,ITEM_043,4,2025-06-19T15:38:00,87.255.201.81,Kazakhstan,Almaty,The order was processed quickly and correctly.,0
U0239,ITEM_031,5,2025-06-20T01:33:00,88.198.11.112,Germany,Munich,The service was reliable and easy to use.,0
U0064,ITEM_045,3,2025-06-20T07:30:00,78.189.55.178,Turkey,Izmir,Helpful support and stable performance.,0
U0032,ITEM_056,5,2025-06-20T17:06:00,87.255.201.169,Kazakhstan,Almaty,The service was reliable and easy to use.,0
U0210,ITEM_024,3,2025-06-20T22:09:00,176.59.20.116,Russia,Samara,The platform was convenient and saved me time.,0
U0024,ITEM_042,5,2025-06-21T02:52:00,87.255.201.103,Kazakhstan,Astana,The platform was convenient and saved me time.,0
U0014,ITEM_042,2,2025-06-21T09:30:00,188.2.201.79,Serbia,Novi Sad,"Pretty good service, no major complaints.",0
U0075,ITEM_043,5,2025-06-22T01:19:00,88.255.90.245,Turkey,Izmir,The service was reliable and easy to use.,0
U0109,ITEM_033,5,2025-06-22T09:14:00,88.198.11.219,Germany,Berlin,,0
U0019,ITEM_055,3,2025-06-23T06:50:00,185.100.65.227,Kazakhstan,Almaty,The platform was convenient and saved me time.,0
U0191,ITEM_048,4,2025-06-23T12:32:00,178.88.120.204,Kazakhstan,Astana,The service was reliable and easy to use.,0
U0245,ITEM_021,3,2025-06-24T03:27:00,178.88.120.244,Kazakhstan,Shymkent,I am satisfied with the quality and response time.,0
U0066,ITEM_015,5,2025-06-24T12:58:00,88.198.11.28,Germany,Berlin,The platform was convenient and saved me time.,0
U0088,ITEM_067,3,2025-06-24T13:30:00,188.162.44.26,Russia,Kazan,The service was reliable and easy to use.,0
U0089,ITEM_025,5,2025-06-24T14:18:00,188.2.201.97,Serbia,Belgrade,The service was reliable and easy to use.,0
U0256,ITEM_022,5,2025-06-24T16:47:00,188.162.44.243,Russia,Kazan,,0
U0184,ITEM_007,5,2025-06-25T03:06:00,91.203.17.29,Germany,Berlin,I am satisfied with the quality and response time.,0
U0062,ITEM_013,4,2025-06-26T10:34:00,87.255.201.191,Kazakhstan,Shymkent,I am satisfied with the quality and response time.,0
U0026,ITEM_008,5,2025-06-27T09:58:00,95.84.10.123,Russia,Moscow,The platform was convenient and saved me time.,0
U0235,ITEM_052,3,2025-06-28T05:40:00,95.84.11.111,Russia,Kazan,,0
U0019,ITEM_036,3,2025-06-28T09:04:00,87.255.201.179,Kazakhstan,Almaty,,0
U0154,ITEM_022,3,2025-06-28T09:59:00,87.255.201.235,Kazakhstan,Shymkent,,0
U0219,ITEM_019,4,2025-06-28T10:36:00,78.189.55.170,Turkey,Ankara,,0
U0098,ITEM_025,4,2025-06-29T06:47:00,91.203.17.17,Germany,Munich,"Good overall experience, I would use it again.",0
U0107,ITEM_035,3,2025-06-29T13:01:00,176.59.20.76,Russia,Kazan,"Pretty good service, no major complaints.",0
U0092,ITEM_025,4,2025-06-29T16:20:00,176.236.10.124,Turkey,Ankara,,0
U0088,ITEM_051,4,2025-06-29T18:21:00,176.59.20.75,Russia,Samara,Helpful support and stable performance.,0
U0243,ITEM_032,4,2025-06-29T20:34:00,91.203.17.112,Germany,Berlin,"Good overall experience, I would use it again.",0
